2022.04.12.|DELIMITER|MONEY&RISK|DELIMITER|손발톱 진균증 레이저치료 보험금 청구|DELIMITER|https://blog.naver.com/lottehogen?Redirect=Log&logNo=222698706838
2022.04.12.|DELIMITER|보험감정사 미사퀸|DELIMITER|백내장 과잉진료 보험금누수|DELIMITER|https://blog.naver.com/misaqueen?Redirect=Log&logNo=222698673233
2022.04.12.|DELIMITER|보상전문가 참벗|DELIMITER|실손보험료 14% 올린 손보사, 車보험은 1.2% 내렸다|DELIMITER|https://blog.naver.com/realfriend98?Redirect=Log&logNo=222698308617
2022.04.12.|DELIMITER|하루하루 기쁨|DELIMITER|실비보험이란? 기본을 알고 나의 실비를 관리하기 -DB쟁이-|DELIMITER|https://blog.naver.com/db200924?Redirect=Log&logNo=222698291179
2022.04.12.|DELIMITER|비전케어 아이리스안경원 다대|DELIMITER|백내장 노안 수술 다초점렌즈 인공수정체(멀티포컬 렌즈) 삽입... |DELIMITER|https://blog.naver.com/5571577?Redirect=Log&logNo=222697665063
2022.04.12.|DELIMITER|정비서|DELIMITER|백내장 수술 보험 플랜 공개 백내장 렌즈삽입술 청구받는법|DELIMITER|https://blog.naver.com/glqgkqdms23?Redirect=Log&logNo=222694189399
2022.04.12.|DELIMITER|보험의 모든것 보험바로알기(010-7726-1659)|DELIMITER|보험업계, 끝나지 않는 백내장과의 전쟁…이번에는 막 내리나|DELIMITER|https://blog.naver.com/yeiann67?Redirect=Log&logNo=222698133444
2022.04.12.|DELIMITER|보험의 모든것 보험바로알기(010-7726-1659)|DELIMITER|백내장 3~4등급만 보험금 지급에 소비자 부글부글...의료계... |DELIMITER|https://blog.naver.com/yeiann67?Redirect=Log&logNo=222698125277
2022.04.11.|DELIMITER|모든 정보 다모아|DELIMITER|백내장 : 실비청구 [부지급 사유]|DELIMITER|https://blog.naver.com/jea0697?Redirect=Log&logNo=222697958604
2022.04.11.|DELIMITER|※ 강남글로리서울안과 ※|DELIMITER|백내장수술추천 안과 찾아볼 때 알아야할 것은|DELIMITER|https://blog.naver.com/rbvbvphwdd?Redirect=Log&logNo=222697847002
2022.04.11.|DELIMITER|보험 대학TV의 보험/경제 이야기|DELIMITER|어린이보험 추천 아이보험도 같이 알아볼게요!|DELIMITER|https://blog.naver.com/ekthzzzz?Redirect=Log&logNo=222697753749
2022.04.11.|DELIMITER|강남큐브안과|DELIMITER|백내장수술실손보험? 까다로워지기 전 확인하세요|DELIMITER|https://blog.naver.com/cubeeyecenter?Redirect=Log&logNo=222697876765
2022.04.11.|DELIMITER|곰바이보험하늘|DELIMITER|실손보험금 수령 더욱 어려워진다|DELIMITER|https://blog.naver.com/impear?Redirect=Log&logNo=222697874075
2022.04.11.|DELIMITER|건강스마일|DELIMITER|안과백내장 환자 맞춤형으로 가능한 곳 찾는다면|DELIMITER|https://blog.daum.net/clpomcv176863/159
2022.04.11.|DELIMITER|기승전보험 기승팀장|DELIMITER|실비암보험 이렇게 3가지만 고려해서 준비하면 됩니다|DELIMITER|https://blog.naver.com/goodboyyy?Redirect=Log&logNo=222697818172
2022.04.11.|DELIMITER|글로리서울안과 공식 블로그|DELIMITER|백내장수술 실손보험 청구하려면 필요한 것들은?|DELIMITER|https://blog.naver.com/glory7975?Redirect=Log&logNo=222697754558
2022.04.11.|DELIMITER|박팀장의 보험이야기|DELIMITER|비용이 많이 드는 척추질환 대비를 위한 수술비 보험 가입하기|DELIMITER|https://blog.naver.com/claire07063?Redirect=Log&logNo=222697690048
2022.04.11.|DELIMITER|행복한삶|DELIMITER|실손보험료 14% 올린 손보사, 車보험은 1.2% 내렸다|DELIMITER|https://blog.naver.com/kbj4463?Redirect=Log&logNo=222697638733
2022.04.11.|DELIMITER|가치주사|DELIMITER|통신사 10년 내 최대 실적, 네트워크 장비주도 반기 이후 실적... |DELIMITER|https://blog.naver.com/valueinjection?Redirect=Log&logNo=222697615817
2022.04.11.|DELIMITER|프라임에셋113본부|DELIMITER|수술비보험이 실손대체가 될까요?|DELIMITER|https://blog.naver.com/vkj349wkls?Redirect=Log&logNo=222697573386
2022.04.11.|DELIMITER|쯔앙이랑 빈이랑♡|DELIMITER|깐깐해진 실비보험…가입하는 게 유리할까?|DELIMITER|https://blog.naver.com/yg881010?Redirect=Log&logNo=222697484341
2022.04.11.|DELIMITER|jw- 워킹맘|DELIMITER|백내장 수술 관련 금융감독원 보도|DELIMITER|https://blog.naver.com/jw-nara?Redirect=Log&logNo=222697369748
2022.04.11.|DELIMITER|文濟晟손해사정사의 보험금권리찾기|DELIMITER|"보험사 속이기 어려워진다"...갈수록 강화되는 실손보험 지급기준|DELIMITER|https://blog.naver.com/mjs2267?Redirect=Log&logNo=222697345318
2022.04.11.|DELIMITER|솔직한|DELIMITER|3D모델링 취업준비생입니다 (국비지원학원) 알아보자|DELIMITER|https://www.solcarman.com/archives/1255653
2022.04.11.|DELIMITER|1st최팀장의 보험 두드림|DELIMITER|요즘에 도수치료 20회 이상 받으면 보험회사에서 조사가... |DELIMITER|https://blog.naver.com/mj_melody3?Redirect=Log&logNo=222697280770
2022.04.11.|DELIMITER|인카금융서비스 노원사업부|DELIMITER|4월 보험영업 전략과 이슈는?|DELIMITER|https://blog.naver.com/aravio?Redirect=Log&logNo=222693277423
2022.04.11.|DELIMITER|한사랑손해사정|DELIMITER|백내장 다초점렌즈 실손 보험금 도대체 해결은 되는 것인가?|DELIMITER|https://blog.naver.com/gallab?Redirect=Log&logNo=222696600266
2022.04.11.|DELIMITER|이영국의 보험이야기|DELIMITER|피부치료(리쥬에이드.키오머3 시술) 실손보험 심사 깐깐해진다|DELIMITER|https://blog.naver.com/fldudrnr10?Redirect=Log&logNo=222697240011
2022.04.11.|DELIMITER|주식 스터디( JUICE 쥬스)|DELIMITER|DB손해보험4.11 상향리포트 발행 및 간단한 분석... |DELIMITER|https://blog.naver.com/ymy0730?Redirect=Log&logNo=222697235496
2022.04.11.|DELIMITER|김승동의 보험오아시스|DELIMITER|[김승동의 봄톡스(22.04.11)]|DELIMITER|https://blog.naver.com/insuoasis?Redirect=Log&logNo=222697228832
